JobTitle,Company,details
Available for Branch Operations Manager & Operation exe ...,RAPID RECRUITS SERVICES,"2 months agoAvailable for Branch Operations Manager & Operation exe ...RAPID RECRUITS SERVICES0 to 4 YrsNashik+9Latur, Other Tamil Nadu, Other Madhya Pradesh, Pondicherry, Other Kerala, Tuticorin, Other Karnataka, Theni, CoimbatoreRegular51 PositionsNot InterestedApply"
SEO/SEM Expert,Alliance Recruitment Agency,7 days agoSEO/SEM ExpertAlliance Recruitment Agency3 to 4 YrsNashikRegularNot InterestedApply
PHP Developer,GFL RECRUITMENT PRIVATE LIMITED,1 week agoPHP DeveloperGFL RECRUITMENT PRIVATE LIMITED3 to 5 YrsNashikBe an Early ApplicantRegularNot InterestedApply
Senior PHP Developer,GFL RECRUITMENT PRIVATE LIMITED,1 week agoSenior PHP DeveloperGFL RECRUITMENT PRIVATE LIMITED1 to 3 YrsNashikRegular14 PositionsNot InterestedApply
WEBSITE DESIGNER,GFL RECRUITMENT PRIVATE LIMITED,2 months agoWEBSITE DESIGNERGFL RECRUITMENT PRIVATE LIMITED3 to 5 YrsNashikRegularNot InterestedApply
Candidates for PHP / Laravel Developer,DC Consultants,"2 weeks agoCandidates for PHP / Laravel DeveloperDC Consultants1 to 5 YrsNashik+4Pune, Nagpur, Mumbai City, SuratRegularNot InterestedApply"
 How relevant did you find the job search results ?,GFL RECRUITMENT PRIVATE LIMITED,1 week agoReact Native DeveloperGFL RECRUITMENT PRIVATE LIMITED1 to 5 YrsNashikRegularNot InterestedApply
React Native Developer,Apex Services Hiring For One Of The...,"6 days agoEquity broking DealerApex Services Hiring For One Of The...1 to 6 YrsNashik+9Kalyan, Navi Mumbai, Thane, Pune, Nagpur, Dombivali, Bhiwandi, Vasai, Mumbai CityRegular50 PositionsNot InterestedApply"
Equity broking Dealer,GFL RECRUITMENT PRIVATE LIMITED,1 week agoPost  for PHP DEVELOPERGFL RECRUITMENT PRIVATE LIMITED3 to 5 YrsNashikRegularNot InterestedApply
Post  for PHP DEVELOPER,Apex Services Hiring For Leading Br...,"2 weeks agoEquity Advisor(Dealer Broking)Apex Services Hiring For Leading Br...1 to 6 YrsNashik+9Kalyan, Akola, Dhule, Navi Mumbai, Ahmednagar, Pune, Jalgaon, Nagpur, Mumbai CityRegular50 PositionsNot InterestedApply"
Equity Advisor(Dealer Broking),GFL RECRUITMENT PRIVATE LIMITED,1 week agoSenior PHP DeveloperGFL RECRUITMENT PRIVATE LIMITED1 to 3 YrsNashikRegular14 PositionsNot InterestedApply
Senior PHP Developer,GFL RECRUITMENT PRIVATE LIMITED,1 week agoPHP DeveloperGFL RECRUITMENT PRIVATE LIMITED3 to 5 YrsNashikBe an Early ApplicantRegularNot InterestedApply
PHP Developer,TALENT MAX HR & MANGAGEMENT CONSULT...,"2 weeks agoUrgent Opening for For Dot Net Developer - RemoteTALENT MAX HR & MANGAGEMENT CONSULT...4 to 6 YrsNashik+3Other Maharashtra, Pune, Mumbai CityRemoteNot InterestedApply"
Urgent Opening for For Dot Net Developer - Remote,GFL RECRUITMENT PRIVATE LIMITED,2 months agoReact Native DeveloperGFL RECRUITMENT PRIVATE LIMITED2 to 7 YrsNashikRegularNot InterestedApply
React Native Developer,GFL RECRUITMENT PRIVATE LIMITED,1 week agoSenior PHP DeveloperGFL RECRUITMENT PRIVATE LIMITED1 to 3 YrsNashikRegular14 PositionsNot InterestedApply
Senior PHP Developer,Eagle Peak Biz Solutions Private Li...,1 week agoSenior Software DeveloperEagle Peak Biz Solutions Private Li...2 to 5 YrsNashikRegular2 PositionsNot InterestedApply
Senior Software Developer,Haze Busting Consultancy services,2 months agoSystems Administrator (Nashik)Haze Busting Consultancy services2 to 6 YrsNashikRegular5 PositionsNot InterestedApply
Systems Administrator (Nashik),GFL RECRUITMENT PRIVATE LIMITED,1 week agoReactJS DeveloperGFL RECRUITMENT PRIVATE LIMITED1 to 5 YrsNashikRegularNot InterestedApply
ReactJS Developer,GFL RECRUITMENT PRIVATE LIMITED,2 months agoReact Native DeveloperGFL RECRUITMENT PRIVATE LIMITED2 to 7 YrsNashikRegularNot InterestedApply
React Native Developer,GFL RECRUITMENT PRIVATE LIMITED,2 months agoReact Native DeveloperGFL RECRUITMENT PRIVATE LIMITED1 to 5 YrsNashikRegularNot InterestedApply
